{
    "accuracies": {
        "Logistic Regression": 0.704225352112676,
        "Random Forest": 0.676056338028169,
        "SVM": 0.6901408450704225,
        "XGBoost": 0.7605633802816901,
        "Decision Tree": 0.5915492957746479,
        "Neural Network": 0.6338028169014085,
        "Naive Bayes": 0.647887323943662,
        "Gradient Boosting": 0.7323943661971831
    },
    "conf_matrices": {
        "Logistic Regression": [
            [
                1,
                3,
                1,
                0
            ],
            [
                0,
                15,
                3,
                3
            ],
            [
                0,
                5,
                6,
                4
            ],
            [
                0,
                0,
                2,
                28
            ]
        ],
        "Random Forest": [
            [
                0,
                2,
                2,
                1
            ],
            [
                3,
                14,
                3,
                1
            ],
            [
                1,
                3,
                8,
                3
            ],
            [
                0,
                0,
                4,
                26
            ]
        ],
        "SVM": [
            [
                0,
                3,
                1,
                1
            ],
            [
                0,
                15,
                5,
                1
            ],
            [
                0,
                4,
                6,
                5
            ],
            [
                0,
                0,
                2,
                28
            ]
        ],
        "XGBoost": [
            [
                1,
                3,
                1,
                0
            ],
            [
                3,
                16,
                2,
                0
            ],
            [
                1,
                2,
                10,
                2
            ],
            [
                0,
                0,
                3,
                27
            ]
        ],
        "Decision Tree": [
            [
                0,
                2,
                2,
                1
            ],
            [
                7,
                11,
                3,
                0
            ],
            [
                2,
                3,
                6,
                4
            ],
            [
                0,
                1,
                4,
                25
            ]
        ],
        "Neural Network": [
            [
                1,
                3,
                1,
                0
            ],
            [
                1,
                14,
                5,
                1
            ],
            [
                0,
                5,
                6,
                4
            ],
            [
                0,
                1,
                5,
                24
            ]
        ],
        "Naive Bayes": [
            [
                1,
                2,
                1,
                1
            ],
            [
                2,
                13,
                3,
                3
            ],
            [
                1,
                5,
                5,
                4
            ],
            [
                0,
                0,
                3,
                27
            ]
        ],
        "Gradient Boosting": [
            [
                1,
                3,
                1,
                0
            ],
            [
                3,
                15,
                2,
                1
            ],
            [
                1,
                3,
                8,
                3
            ],
            [
                0,
                0,
                2,
                28
            ]
        ]
    },
    "reports": {
        "Logistic Regression": {
            "0": {
                "precision": 1.0,
                "recall": 0.2,
                "f1-score": 0.3333333333333333,
                "support": 5.0
            },
            "1": {
                "precision": 0.6521739130434783,
                "recall": 0.7142857142857143,
                "f1-score": 0.6818181818181818,
                "support": 21.0
            },
            "2": {
                "precision": 0.5,
                "recall": 0.4,
                "f1-score": 0.4444444444444444,
                "support": 15.0
            },
            "3": {
                "precision": 0.8,
                "recall": 0.9333333333333333,
                "f1-score": 0.8615384615384616,
                "support": 30.0
            },
            "accuracy": 0.704225352112676,
            "macro avg": {
                "precision": 0.7380434782608696,
                "recall": 0.5619047619047619,
                "f1-score": 0.5802836052836053,
                "support": 71.0
            },
            "weighted avg": {
                "precision": 0.7069810165339866,
                "recall": 0.704225352112676,
                "f1-score": 0.6830657605305492,
                "support": 71.0
            }
        },
        "Random Forest": {
            "0": {
                "precision": 0.0,
                "recall": 0.0,
                "f1-score": 0.0,
                "support": 5.0
            },
            "1": {
                "precision": 0.7368421052631579,
                "recall": 0.6666666666666666,
                "f1-score": 0.7,
                "support": 21.0
            },
            "2": {
                "precision": 0.47058823529411764,
                "recall": 0.5333333333333333,
                "f1-score": 0.5,
                "support": 15.0
            },
            "3": {
                "precision": 0.8387096774193549,
                "recall": 0.8666666666666667,
                "f1-score": 0.8524590163934426,
                "support": 30.0
            },
            "accuracy": 0.676056338028169,
            "macro avg": {
                "precision": 0.5115350044941576,
                "recall": 0.5166666666666666,
                "f1-score": 0.5131147540983606,
                "support": 71.0
            },
            "weighted avg": {
                "precision": 0.6717436346833623,
                "recall": 0.676056338028169,
                "f1-score": 0.6728700069268067,
                "support": 71.0
            }
        },
        "SVM": {
            "0": {
                "precision": 0.0,
                "recall": 0.0,
                "f1-score": 0.0,
                "support": 5.0
            },
            "1": {
                "precision": 0.6818181818181818,
                "recall": 0.7142857142857143,
                "f1-score": 0.6976744186046512,
                "support": 21.0
            },
            "2": {
                "precision": 0.42857142857142855,
                "recall": 0.4,
                "f1-score": 0.41379310344827586,
                "support": 15.0
            },
            "3": {
                "precision": 0.8,
                "recall": 0.9333333333333333,
                "f1-score": 0.8615384615384616,
                "support": 30.0
            },
            "accuracy": 0.6901408450704225,
            "macro avg": {
                "precision": 0.4775974025974026,
                "recall": 0.5119047619047619,
                "f1-score": 0.49325149589784717,
                "support": 71.0
            },
            "weighted avg": {
                "precision": 0.6302359612218766,
                "recall": 0.6901408450704225,
                "f1-score": 0.6578058195574037,
                "support": 71.0
            }
        },
        "XGBoost": {
            "0": {
                "precision": 0.2,
                "recall": 0.2,